date,rain_mm,temp_c
2026-09-01,0.0,21.4
2026-09-02,0.0,20.3
2026-09-03,0.0,19.3
2026-09-04,0.0,20.1
2026-09-05,0.0,18.9
2026-09-06,0.0,18.9
2026-09-07,0.0,21.6
2026-09-08,0.0,22.6
2026-09-09,0.0,18.5
2026-09-10,5.2,22.8
2026-09-11,12.9,17.1
2026-09-12,10.8,19.8
2026-09-13,0.0,20.5
2026-09-14,0.0,17.6
2026-09-15,0.0,17.0
2026-09-16,1.2,18.1
2026-09-17,3.1,15.8
2026-09-18,5.1,15.0
2026-09-19,11.6,14.1
2026-09-20,0.0,16.3
2026-09-21,3.2,12.6
2026-09-22,8.2,14.6
2026-09-23,5.2,13.1
2026-09-24,12.3,9.1
2026-09-25,11.3,11.5
2026-09-26,16.3,11.9
2026-09-27,0.0,13.6
2026-09-28,5.6,13.7
2026-09-29,0.0,14.5
2026-09-30,0.0,14.9
